CREATE TABLE IF NOT EXISTS `customers` (
  `cust_id` char(10) NOT NULL,
  `cust_name` char(50) NOT NULL,
  `cust_address` char(50) DEFAULT NULL,
  `cust_city` char(50) DEFAULT NULL,
  `cust_state` char(5) DEFAULT NULL,
  `cust_zip` char(10) DEFAULT NULL,
  `cust_country` char(50) DEFAULT NULL,
  `cust_contact` char(50) DEFAULT NULL,
  `cust_email` char(255) DEFAULT NULL,
  PRIMARY KEY (`cust_id`)
)

INSERT INTO `customers` VALUES ('1000000001','Village Toys','200 Maple Lane','Detroit','MI','44444','USA','John Smith','sales@villagetoys.com'),('1000000002','Kids Place','333 South Lake Drive','Columbus','OH','43333','USA','Michelle Green',NULL),('1000000003','Fun4All','1 Sunny Place','Muncie','IN','42222','USA','Jim Jones','jjones@fun4all.com'),('1000000004','Fun4All','829 Riverside Drive','Phoenix','AZ','88888','USA','Denise L. Stephens','dstephens@fun4all.com'),('1000000005','The Toy Store','4545 53rd Street','Chica','IL','54545','USA','Kim Howard',NULL);

CREATE TABLE IF NOT EXISTS `departments` (
  `DEPARTMENT_ID` int NOT NULL,
  `DEPARTMENT_NAME` varchar(30) NOT NULL,
  `MANAGER_ID` int DEFAULT NULL,
  `LOCATION_ID` int DEFAULT NULL,
  PRIMARY KEY (`DEPARTMENT_ID`)
) 

INSERT INTO `departments` VALUES (10,'Administration',200,1700),(20,'Marketing',201,1800),(30,'Purchasing',114,1700),(40,'Human Resources',203,2400),(50,'Shipping',121,1500),(60,'IT',103,1400),(70,'Public Relations',204,2700),(80,'Sales',145,2500),(90,'Executive',100,1700),(100,'Finance',108,1700),(110,'Accounting',205,1700),(120,'Treasury',NULL,1700),(130,'Corporate Tax',NULL,1700),(140,'Control And Credit',NULL,1700),(150,'Shareholder Services',NULL,1700),(160,'Benefits',NULL,1700),(170,'Manufacturing',NULL,1700),(180,'Construction',NULL,1700),(190,'Contracting',NULL,1700),(200,'Operations',NULL,1700),(210,'IT Support',NULL,1700),(220,'NOC',NULL,1700),(230,'IT Helpdesk',NULL,1700),(240,'vernment Sales',NULL,1700),(250,'Retail Sales',NULL,1700),(260,'Recruiting',NULL,1700),(270,'Payroll',NULL,1700);

CREATE TABLE IF NOT EXISTS `dept` (
  `DEPTNO` int DEFAULT NULL,
  `DNAME` varchar(30) DEFAULT NULL,
  `CITY` varchar(30) DEFAULT NULL
) 

INSERT INTO `dept` VALUES (10,'IT','Southlake'),(20,'Marketing','Toronto'),(30,'Human Resources','London'),(40,'Research','New York');

CREATE TABLE IF NOT EXISTS `emp` (
  `EMPNO` int DEFAULT NULL,
  `ENAME` varchar(20) DEFAULT NULL,
  `JOB` varchar(10) DEFAULT NULL,
  `MGR` int DEFAULT NULL,
  `HIRE_DATE` date DEFAULT NULL,
  `SAL` decimal(8,2) DEFAULT NULL,
  `DEPTNO` int DEFAULT NULL
)

INSERT INTO `emp` VALUES (100,'Steven','ACCOUNT',NULL,'1987-06-17',24000.00,10),(101,'Neena','PROG',100,'1989-09-21',17000.00,20),(102,'Lex','CLERK',100,'1993-01-13',17000.00,30),(103,'Alexander','PROG',102,'1990-01-03',9000.00,20),(104,'Bruce','PROG',103,'1991-05-21',6000.00,20),(105,'David','PROG',103,'1997-06-25',4800.00,20),(106,'Valli','PROG',103,'1998-02-05',4800.00,20),(107,'Diana','PROG',103,'1999-02-07',4200.00,20),(108,'Nancy','PROG',101,'1994-08-17',12000.00,20),(109,'Daniel','ACCOUNT',108,'1994-08-16',9000.00,10),(110,'John','ACCOUNT',108,'1997-09-28',8200.00,10),(111,'Ismael','ACCOUNT',108,'1997-09-30',7700.00,10),(112,'Jose Manuel','ACCOUNT',108,'1998-03-07',7800.00,10),(113,'Luis','ACCOUNT',108,'1999-12-07',6900.00,10),(114,'Den','CLERK',100,'1994-12-07',11000.00,30),(115,'Alexander','CLERK',114,'1995-05-18',3100.00,30),(116,'Shelli','CLERK',114,'1997-12-24',2900.00,30),(117,'Sigal','CLERK',114,'1997-07-24',2800.00,30),(118,'Guy','CLERK',114,'1998-11-15',2600.00,30),(119,'mario','prog',NULL,NULL,2000.00,10);

CREATE TABLE IF NOT EXISTS `employees` (
  `EMPLOYEE_ID` int NOT NULL,
  `FIRST_NAME` varchar(20) DEFAULT NULL,
  `LAST_NAME` varchar(25) NOT NULL,
  `EMAIL` varchar(25) NOT NULL,
  `PHONE_NUMBER` varchar(20) DEFAULT NULL,
  `HIRE_DATE` datetime NOT NULL,
  `JOB_ID` varchar(10) NOT NULL,
  `SALARY` decimal(8,2) DEFAULT NULL,
  `COMMISSION_PCT` decimal(2,2) DEFAULT NULL,
  `MANAGER_ID` int DEFAULT NULL,
  `DEPARTMENT_ID` int DEFAULT NULL,
  PRIMARY KEY (`EMPLOYEE_ID`),
  UNIQUE KEY `EMP_EMAIL_UK` (`EMAIL`),
  KEY `EMP_DEPT_FK` (`DEPARTMENT_ID`),
  CONSTRAINT `EMP_DEPT_FK` FOREIGN KEY (`DEPARTMENT_ID`) REFERENCES `departments` (`DEPARTMENT_ID`) ON DELETE CASCADE,
  CONSTRAINT `EMP_SALARY_MIN` CHECK ((`SALARY` > 0))
) 

INSERT INTO `employees` VALUES (100,'Steven','King','SKING','515.123.4567','2003-06-17 00:00:00','AD_PRES',24000.00,NULL,NULL,90),(101,'Neena','Kochhar','NKOCHHAR','515.123.4568','2005-09-21 00:00:00','AD_VP',17000.00,NULL,100,90),(102,'Lex','De Haan','LDEHAAN','515.123.4569','2001-01-13 00:00:00','AD_VP',17000.00,NULL,100,90),(103,'Alexander','Hunold','AHUNOLD','590.423.4567','2006-01-03 00:00:00','IT_PROG',9000.00,NULL,102,60),(104,'Bruce','Ernst','BERNST','590.423.4568','2007-05-21 00:00:00','IT_PROG',6000.00,NULL,103,60),(105,'David','Austin','DAUSTIN','590.423.4569','2005-06-25 00:00:00','IT_PROG',4800.00,NULL,103,60),(106,'Valli','Pataballa','VPATABAL','590.423.4560','2006-02-05 00:00:00','IT_PROG',4800.00,NULL,103,60),(107,'Diana','Lorentz','DLORENTZ','590.423.5567','2007-02-07 00:00:00','IT_PROG',4200.00,NULL,103,60),(108,'Nancy','Greenberg','NGREENBE','515.124.4569','2002-08-17 00:00:00','FI_MGR',12008.00,NULL,101,100),(109,'Daniel','Faviet','DFAVIET','515.124.4169','2002-08-16 00:00:00','FI_ACCOUNT',9000.00,NULL,108,100),(110,'John','Chen','JCHEN','515.124.4269','2005-09-28 00:00:00','FI_ACCOUNT',8200.00,NULL,108,100),(111,'Ismael','Sciarra','ISCIARRA','515.124.4369','2005-09-30 00:00:00','FI_ACCOUNT',7700.00,NULL,108,100),(112,'Jose Manuel','Urman','JMURMAN','515.124.4469','2006-03-07 00:00:00','FI_ACCOUNT',7800.00,NULL,108,100),(113,'Luis','Popp','LPOPP','515.124.4567','2007-12-07 00:00:00','FI_ACCOUNT',6900.00,NULL,108,100),(114,'Den','Raphaely','DRAPHEAL','515.127.4561','2002-12-07 00:00:00','PU_MAN',11000.00,NULL,100,30),(115,'Alexander','Khoo','AKHOO','515.127.4562','2003-05-18 00:00:00','PU_CLERK',3100.00,NULL,114,30),(116,'Shelli','Baida','SBAIDA','515.127.4563','2005-12-24 00:00:00','PU_CLERK',2900.00,NULL,114,30),(117,'Sigal','Tobias','STOBIAS','515.127.4564','2005-07-24 00:00:00','PU_CLERK',2800.00,NULL,114,30),(118,'Guy','Himuro','GHIMURO','515.127.4565','2006-11-15 00:00:00','PU_CLERK',2600.00,NULL,114,30),(119,'Karen','Colmenares','KCOLMENA','515.127.4566','2007-08-10 00:00:00','PU_CLERK',2500.00,NULL,114,30),(120,'Matthew','Weiss','MWEISS','650.123.1234','2004-07-18 00:00:00','ST_MAN',8000.00,NULL,100,50),(121,'Adam','Fripp','AFRIPP','650.123.2234','2005-04-10 00:00:00','ST_MAN',8200.00,NULL,100,50),(122,'Payam','Kaufling','PKAUFLIN','650.123.3234','2003-05-01 00:00:00','ST_MAN',7900.00,NULL,100,50),(123,'Shanta','Vollman','SVOLLMAN','650.123.4234','2005-10-10 00:00:00','ST_MAN',6500.00,NULL,100,50),(124,'Kevin','Mours','KMOURS','650.123.5234','2007-11-16 00:00:00','ST_MAN',5800.00,NULL,100,50),(125,'Julia','Nayer','JNAYER','650.124.1214','2005-07-16 00:00:00','ST_CLERK',3200.00,NULL,120,50),(126,'Irene','Mikkilineni','IMIKKILI','650.124.1224','2006-09-28 00:00:00','ST_CLERK',2700.00,NULL,120,50),(127,'James','Landry','JLANDRY','650.124.1334','2007-01-14 00:00:00','ST_CLERK',2400.00,NULL,120,50),(128,'Steven','Markle','SMARKLE','650.124.1434','2008-03-08 00:00:00','ST_CLERK',2200.00,NULL,120,50),(129,'Laura','Bissot','LBISSOT','650.124.5234','2005-08-20 00:00:00','ST_CLERK',3300.00,NULL,121,50),(130,'Mozhe','Atkinson','MATKINSO','650.124.6234','2005-10-30 00:00:00','ST_CLERK',2800.00,NULL,121,50),(131,'James','Marlow','JAMRLOW','650.124.7234','2005-02-16 00:00:00','ST_CLERK',2500.00,NULL,121,50),(132,'TJ','Olson','TJOLSON','650.124.8234','2007-04-10 00:00:00','ST_CLERK',2100.00,NULL,121,50),(133,'Jason','Mallin','JMALLIN','650.127.1934','2004-06-14 00:00:00','ST_CLERK',3300.00,NULL,122,50),(134,'Michael','Rogers','MROGERS','650.127.1834','2006-08-26 00:00:00','ST_CLERK',2900.00,NULL,122,50),(135,'Ki','Gee','KGEE','650.127.1734','2007-12-12 00:00:00','ST_CLERK',2400.00,NULL,122,50),(136,'Hazel','Philtanker','HPHILTAN','650.127.1634','2008-02-06 00:00:00','ST_CLERK',2200.00,NULL,122,50),(137,'Renske','Ladwig','RLADWIG','650.121.1234','2003-07-14 00:00:00','ST_CLERK',3600.00,NULL,123,50),(138,'Stephen','Stiles','SSTILES','650.121.2034','2005-10-26 00:00:00','ST_CLERK',3200.00,NULL,123,50),(139,'John','Seo','JSEO','650.121.2019','2006-02-12 00:00:00','ST_CLERK',2700.00,NULL,123,50),(140,'Joshua','Patel','JPATEL','650.121.1834','2006-04-06 00:00:00','ST_CLERK',2500.00,NULL,123,50),(141,'Trenna','Rajs','TRAJS','650.121.8009','2003-10-17 00:00:00','ST_CLERK',3500.00,NULL,124,50),(142,'Curtis','Davies','CDAVIES','650.121.2994','2005-01-29 00:00:00','ST_CLERK',3100.00,NULL,124,50),(143,'Randall','Matos','RMATOS','650.121.2874','2006-03-15 00:00:00','ST_CLERK',2600.00,NULL,124,50),(144,'Peter','Vargas','PVARGAS','650.121.2004','2006-07-09 00:00:00','ST_CLERK',2500.00,NULL,124,50),(145,'John','Russell','JRUSSEL','011.44.1344.429268','2004-10-01 00:00:00','SA_MAN',14000.00,0.40,100,80),(146,'Karen','Partners','KPARTNER','011.44.1344.467268','2005-01-05 00:00:00','SA_MAN',13500.00,0.30,100,80),(147,'Alberto','Errazuriz','AERRAZUR','011.44.1344.429278','2005-03-10 00:00:00','SA_MAN',12000.00,0.30,100,80),(148,'Gerald','Cambrault','GCAMBRAU','011.44.1344.619268','2007-10-15 00:00:00','SA_MAN',11000.00,0.30,100,80),(149,'Eleni','Zlotkey','EZLOTKEY','011.44.1344.429018','2008-01-29 00:00:00','SA_MAN',10500.00,0.20,100,80),(150,'Peter','Tucker','PTUCKER','011.44.1344.129268','2005-01-30 00:00:00','SA_REP',10000.00,0.30,145,80),(151,'David','Bernstein','DBERNSTE','011.44.1344.345268','2005-03-24 00:00:00','SA_REP',9500.00,0.25,145,80),(152,'Peter','Hall','PHALL','011.44.1344.478968','2005-08-20 00:00:00','SA_REP',9000.00,0.25,145,80),(153,'Christopher','Olsen','COLSEN','011.44.1344.498718','2006-03-30 00:00:00','SA_REP',8000.00,0.20,145,80),(154,'Nanette','Cambrault','NCAMBRAU','011.44.1344.987668','2006-12-09 00:00:00','SA_REP',7500.00,0.20,145,80),(155,'Oliver','Tuvault','OTUVAULT','011.44.1344.486508','2007-11-23 00:00:00','SA_REP',7000.00,0.15,145,80),(156,'Janette','King','JKING','011.44.1345.429268','2004-01-30 00:00:00','SA_REP',10000.00,0.35,146,80),(157,'Patrick','Sully','PSULLY','011.44.1345.929268','2004-03-04 00:00:00','SA_REP',9500.00,0.35,146,80),(158,'Allan','McEwen','AMCEWEN','011.44.1345.829268','2004-08-01 00:00:00','SA_REP',9000.00,0.35,146,80),(159,'Lindsey','Smith','LSMITH','011.44.1345.729268','2005-03-10 00:00:00','SA_REP',8000.00,0.30,146,80),(160,'Louise','Doran','LDORAN','011.44.1345.629268','2005-12-15 00:00:00','SA_REP',7500.00,0.30,146,80),(161,'Sarath','Sewall','SSEWALL','011.44.1345.529268','2006-11-03 00:00:00','SA_REP',7000.00,0.25,146,80),(162,'Clara','Vishney','CVISHNEY','011.44.1346.129268','2005-11-11 00:00:00','SA_REP',10500.00,0.25,147,80),(163,'Danielle','Greene','DGREENE','011.44.1346.229268','2007-03-19 00:00:00','SA_REP',9500.00,0.15,147,80),(164,'Mattea','Marvins','MMARVINS','011.44.1346.329268','2008-01-24 00:00:00','SA_REP',7200.00,0.10,147,80),(165,'David','Lee','DLEE','011.44.1346.529268','2008-02-23 00:00:00','SA_REP',6800.00,0.10,147,80),(166,'Sundar','Ande','SANDE','011.44.1346.629268','2008-03-24 00:00:00','SA_REP',6400.00,0.10,147,80),(167,'Amit','Banda','ABANDA','011.44.1346.729268','2008-04-21 00:00:00','SA_REP',6200.00,0.10,147,80),(168,'Lisa','Ozer','LOZER','011.44.1343.929268','2005-03-11 00:00:00','SA_REP',11500.00,0.25,148,80),(169,'Harrison','Bloom','HBLOOM','011.44.1343.829268','2006-03-23 00:00:00','SA_REP',10000.00,0.20,148,80),(170,'Tayler','Fox','TFOX','011.44.1343.729268','2006-01-24 00:00:00','SA_REP',9600.00,0.20,148,80),(171,'William','Smith','WSMITH','011.44.1343.629268','2007-02-23 00:00:00','SA_REP',7400.00,0.15,148,80),(172,'Elizabeth','Bates','EBATES','011.44.1343.529268','2007-03-24 00:00:00','SA_REP',7300.00,0.15,148,80),(173,'Sundita','Kumar','SKUMAR','011.44.1343.329268','2008-04-21 00:00:00','SA_REP',6100.00,0.10,148,80),(174,'Ellen','Abel','EABEL','011.44.1644.429267','2004-05-11 00:00:00','SA_REP',11000.00,0.30,149,80),(175,'Alyssa','Hutton','AHUTTON','011.44.1644.429266','2005-03-19 00:00:00','SA_REP',8800.00,0.25,149,80),(176,'Jonathon','Taylor','JTAYLOR','011.44.1644.429265','2006-03-24 00:00:00','SA_REP',8600.00,0.20,149,80),(177,'Jack','Livingston','JLIVINGS','011.44.1644.429264','2006-04-23 00:00:00','SA_REP',8400.00,0.20,149,80),(178,'Kimberely','Grant','KGRANT','011.44.1644.429263','2007-05-24 00:00:00','SA_REP',7000.00,0.15,149,NULL),(179,'Charles','Johnson','CJOHNSON','011.44.1644.429262','2008-01-04 00:00:00','SA_REP',6200.00,0.10,149,80),(180,'Winston','Taylor','WTAYLOR','650.507.9876','2006-01-24 00:00:00','SH_CLERK',3200.00,NULL,120,50),(181,'Jean','Fleaur','JFLEAUR','650.507.9877','2006-02-23 00:00:00','SH_CLERK',3100.00,NULL,120,50),(182,'Martha','Sullivan','MSULLIVA','650.507.9878','2007-06-21 00:00:00','SH_CLERK',2500.00,NULL,120,50),(183,'Girard','Geoni','GGEONI','650.507.9879','2008-02-03 00:00:00','SH_CLERK',2800.00,NULL,120,50),(184,'Nandita','Sarchand','NSARCHAN','650.509.1876','2004-01-27 00:00:00','SH_CLERK',4200.00,NULL,121,50),(185,'Alexis','Bull','ABULL','650.509.2876','2005-02-20 00:00:00','SH_CLERK',4100.00,NULL,121,50),(186,'Julia','Dellinger','JDELLING','650.509.3876','2006-06-24 00:00:00','SH_CLERK',3400.00,NULL,121,50),(187,'Anthony','Cabrio','ACABRIO','650.509.4876','2007-02-07 00:00:00','SH_CLERK',3000.00,NULL,121,50),(188,'Kelly','Chung','KCHUNG','650.505.1876','2005-06-14 00:00:00','SH_CLERK',3800.00,NULL,122,50),(189,'Jennifer','Dilly','JDILLY','650.505.2876','2005-08-13 00:00:00','SH_CLERK',3600.00,NULL,122,50),(190,'Timothy','Gates','TGATES','650.505.3876','2006-07-11 00:00:00','SH_CLERK',2900.00,NULL,122,50),(191,'Randall','Perkins','RPERKINS','650.505.4876','2007-12-19 00:00:00','SH_CLERK',2500.00,NULL,122,50),(192,'Sarah','Bell','SBELL','650.501.1876','2004-02-04 00:00:00','SH_CLERK',4000.00,NULL,123,50),(193,'Britney','Everett','BEVERETT','650.501.2876','2005-03-03 00:00:00','SH_CLERK',3900.00,NULL,123,50),(194,'Samuel','McCain','SMCCAIN','650.501.3876','2006-07-01 00:00:00','SH_CLERK',3200.00,NULL,123,50),(195,'Vance','Jones','VJONES','650.501.4876','2007-03-17 00:00:00','SH_CLERK',2800.00,NULL,123,50),(196,'Alana','Walsh','AWALSH','650.507.9811','2006-04-24 00:00:00','SH_CLERK',3100.00,NULL,124,50),(197,'Kevin','Feeney','KFEENEY','650.507.9822','2006-05-23 00:00:00','SH_CLERK',3000.00,NULL,124,50),(198,'Donald','OConnell','DOCONNEL','650.507.9833','2007-06-21 00:00:00','SH_CLERK',2600.00,NULL,124,50),(199,'Douglas','Grant','DGRANT','650.507.9844','2008-01-13 00:00:00','SH_CLERK',2600.00,NULL,124,50),(200,'Jennifer','Whalen','JWHALEN','515.123.4444','2003-09-17 00:00:00','AD_ASST',4400.00,NULL,101,10),(201,'Michael','Hartstein','MHARTSTE','515.123.5555','2004-02-17 00:00:00','MK_MAN',13000.00,NULL,100,20),(202,'Pat','Fay','PFAY','603.123.6666','2005-08-17 00:00:00','MK_REP',6000.00,NULL,201,20),(203,'Susan','Mavris','SMAVRIS','515.123.7777','2002-06-07 00:00:00','HR_REP',6500.00,NULL,101,40),(204,'Hermann','Baer','HBAER','515.123.8888','2002-06-07 00:00:00','PR_REP',10000.00,NULL,101,70),(205,'Shelley','Higgins','SHIGGINS','515.123.8080','2002-06-07 00:00:00','AC_MGR',12008.00,NULL,101,110),(206,'William','Gietz','WGIETZ','515.123.8181','2002-06-07 00:00:00','AC_ACCOUNT',8300.00,NULL,205,110);

CREATE TABLE IF NOT EXISTS `orderitems` (
  `ORDER_NUM` int NOT NULL,
  `ORDER_ITEM` int NOT NULL,
  `PROD_ID` char(10) DEFAULT NULL,
  `QUANTITY` int NOT NULL,
  `ITEM_PRICE` decimal(8,2) NOT NULL,
  PRIMARY KEY (`ORDER_NUM`,`ORDER_ITEM`),
  KEY `FK_OrderItems_Products` (`PROD_ID`),
  CONSTRAINT `FK_OrderItems_Orders` FOREIGN KEY (`ORDER_NUM`) REFERENCES `orders` (`order_num`),
  CONSTRAINT `FK_OrderItems_Products` FOREIGN KEY (`PROD_ID`) REFERENCES `products` (`prod_id`)
) 

INSERT INTO `orderitems` VALUES (20005,1,'BR01',100,5.49),(20005,2,'BR03',100,10.99),(20006,1,'BR01',20,5.99),(20006,2,'BR02',10,8.99),(20006,3,'BR03',10,11.99),(20007,1,'BR03',50,11.49),(20007,2,NULL,100,2.99),(20007,3,'BNBG02',100,2.99),(20007,4,'BNBG03',100,2.99),(20007,5,'RGAN01',50,4.49),(20008,1,'RGAN01',5,4.99),(20008,2,'BR03',5,11.99),(20008,3,'BNBG01',10,3.49),(20008,4,NULL,10,3.49),(20008,5,'BNBG03',10,3.49),(20009,1,'BNBG01',250,2.49),(20009,2,'BNBG02',250,2.49),(20009,3,NULL,250,2.49);

CREATE TABLE IF NOT EXISTS `orders` (
  `order_num` int NOT NULL,
  `order_date` datetime NOT NULL,
  `cust_id` char(10) DEFAULT NULL,
  PRIMARY KEY (`order_num`),
  KEY `FK_Orders_Customers` (`cust_id`),
  CONSTRAINT `FK_Orders_Customers` FOREIGN KEY (`cust_id`) REFERENCES `customers` (`cust_id`)
) 

INSERT INTO `orders` VALUES (20005,'2004-05-01 00:00:00','1000000001'),(20006,'2004-01-12 00:00:00',NULL),(20007,'2004-01-03 00:00:00','1000000004'),(20008,'2004-02-03 00:00:00','1000000005'),(20009,'2004-02-08 00:00:00',NULL);

CREATE TABLE IF NOT EXISTS `products` (
  `prod_id` char(10) NOT NULL,
  `vend_id` char(10) NOT NULL,
  `prod_name` char(255) NOT NULL,
  `prod_price` decimal(8,2) NOT NULL,
  `prod_desc` varchar(1000) DEFAULT NULL,
  PRIMARY KEY (`prod_id`),
  KEY `FK_Products_Vendors` (`vend_id`),
  CONSTRAINT `FK_Products_Vendors` FOREIGN KEY (`vend_id`) REFERENCES `vendors` (`vend_id`)
) 

INSERT INTO `products` VALUES ('BNBG01','DLL01','Fish bean bag toy',3.49,'Fish bean bag toy, complete with bean bag worms with which to feed it'),('BNBG02','DLL01','Bird bean bag toy',3.49,'Bird bean bag toy, eggs are not included'),('BNBG03','DLL01','Rabbit bean bag toy',3.49,'Rabbit bean bag toy, comes with bean bag carrots'),('BR01','BRS01','8 inch teddy bear',5.99,'8 inch teddy bear, comes with cap and jacket'),('BR02','BRS01','12 inch teddy bear',8.99,'12 inch teddy bear, comes with cap and jacket'),('BR03','BRS01','18 inch teddy bear',11.99,'18 inch teddy bear, comes with cap and jacket'),('RGAN01','DLL01','Raggedy Ann',4.99,'18 inch Raggedy Ann doll'),('RYL01','FNG01','King doll',9.49,'12 inch king doll with royal garments and crown'),('RYL02','FNG01','Queen doll',9.49,'12 inch queen doll with royal garments and crown');

CREATE TABLE IF NOT EXISTS `vendors` (
  `vend_id` char(10) NOT NULL,
  `vend_name` char(50) NOT NULL,
  `vend_address` char(50) DEFAULT NULL,
  `vend_city` char(50) DEFAULT NULL,
  `vend_state` char(5) DEFAULT NULL,
  `vend_zip` char(10) DEFAULT NULL,
  `vend_country` char(50) DEFAULT NULL,
  PRIMARY KEY (`vend_id`)
)

INSERT INTO `vendors` VALUES ('BRE02','Bear Emporium','500 Park Street','Anytown','OH','44333','USA'),('BRS01','Bears R Us','123 Main Street','Bear Town','MI','44444','USA'),('DLL01','Doll House Inc.','555 High Street','Dollsville','CA','99999','USA'),('FNG01','Fun and Games','42 Galaxy Road','London',NULL,'N16 6PS','England'),('FRB01','Furball Inc.','1000 5th Avenue','New York','NY','11111','USA'),('JTS01','Jouets et ours','1 Rue Amusement','Paris',NULL,'45678','France');
